id,generated_at,flights_analyzed,flights_flagged,true_positives,false_positives,false_negatives,true_negatives,precision,recall,avg_score_disrupted,avg_score_on_time,claude_summary,raw_data,requested_by_agency_id
1,2026-05-19 20:00:51.594178,0,0,0,0,0,0,,,,,"# Travnr Flight Risk Scoring — Health Report

## Overall Assessment

There is nothing to assess. Zero flights were analyzed this period, meaning the scoring system produced no output whatsoever. It is impossible to say whether the system is working, broken, or simply was never invoked.

## False Positive / False Negative Patterns

None. With no flights processed, there are no prediction outcomes of any kind to examine.

## Signal Weighting Analysis

Cannot be determined. Evaluating whether any individual risk signal is over or under-weighted requires actual scored flights to compare against ground truth outcomes. No such data exists here.

## Recommendations

1. **Diagnose why no flights were processed.** This is the only priority right now. Check whether the data pipeline failed, whether the scoring job ran at all, and whether the input feed from flight data sources is live and correctly connected.
2. **Add pipeline monitoring with alerts.** A zero-flight result should trigger an immediate automated alert rather than surfacing quietly in a periodic report. If this went unnoticed until review, that is a secondary operational problem worth fixing.
3. **Establish a minimum volume threshold.** Define what a healthy analysis period looks like in terms of flight count, and flag any period that falls below it before it reaches the reporting stage.

## Data Quality Issues

The data quality issue here is total absence of data. Every metric reads zero or N/A. This is not a statistical edge case or a small sample size caveat — there is simply no information to work with. No conclusions about system accuracy, calibration, or signal performance can be drawn from this report.

**Next step is straightforward: determine whether this is a pipeline failure, a configuration error, or an upstream data outage, and resolve it before the next analysis period.**",[],1
2,2026-05-19 21:19:46.792956,0,0,0,0,0,0,,,,,"# Travnr Flight Risk Scoring — Health Report

## Analysis Period Summary

**There is nothing to analyze.** The dataset for this period contains zero flights, zero predictions, and zero outcomes. Every metric is undefined.

---

## 1. Overall System Accuracy
Cannot be assessed. With no flights processed, there is no basis for any judgment about whether the scoring system is functioning correctly, poorly, or at all.

## 2. False Positive / False Negative Patterns
None. No predictions were made, so no error patterns exist to examine.

## 3. Signal Weighting Assessment
Impossible to evaluate. Without scored flights, there is no way to determine whether any input signal — weather, route history, carrier reliability, time of day — is over or underweighted.

## 4. Recommendations

The immediate priority is diagnosing **why no flights were ingested**. Likely causes to investigate:

- **Pipeline failure** — data from the source feed may not have reached the scoring system during this period
- **Date range misconfiguration** — the analysis window may have been set incorrectly, pulling from a period with no scheduled flights
- **Filtering too aggressive** — an upstream filter may be excluding all flights before scoring even begins
- **API or integration outage** — if flight data comes from a third-party provider, check for outage logs during this window

Once flights are flowing again, rerun the analysis before drawing any conclusions about model performance.

## 5. Data Quality Issues

This is the only issue, and it is a serious one. **Zero flights is not a valid sample — it is a broken pipeline.** No statistical conclusions, trend comparisons, or model adjustments should be made based on this report. If this period is being compared against prior periods, exclude it entirely from any trend analysis to avoid distorting accuracy metrics.

---

**Bottom line:** This report cannot tell you whether the risk scoring system works. It can only tell you that something failed before scoring even started. Fix the data ingestion problem first, then rerun.",[],1
3,2026-05-19 23:00:08.5608,0,0,0,0,0,0,,,,,"# Travnr Flight Risk Scoring — Health Report

## Data Quality Issue: Nothing to Analyze

There is no data to evaluate. Every field shows zero or N/A, and the per-flight breakdown is empty. This report cannot assess system accuracy, identify patterns, or evaluate signal weighting because there is literally no input to work with.

This is the most important finding: **the pipeline itself may be broken.**

---

## What Needs Investigation Immediately

Before any accuracy work is meaningful, determine why no data was collected:

- **Is the scoring system running at all?** Zero analyzed flights suggests the job may have failed silently, not that there were no flights to process.
- **Is there a data ingestion problem?** The feed from flight data sources may be disconnected, returning empty results, or failing upstream without triggering an alert.
- **Is the analysis window configured correctly?** An misconfigured date range could pull from a period with no records.
- **Are results being written correctly?** The scoring may be running but failing to persist or surface results to this reporting layer.

---

## What Cannot Be Assessed

Because there is no data:

- System accuracy is unknown
- False positive and false negative patterns cannot be identified
- No signals can be evaluated as over or under-weighted
- No specific flights can be referenced

---

## Recommendations

1. **Check system logs immediately** for errors during the last analysis period — a silent failure is the most likely explanation.
2. **Verify the data pipeline end-to-end**, from flight data ingestion through scoring through result storage.
3. **Set up monitoring alerts** so a zero-flight analysis period triggers an automatic warning rather than surfacing quietly in a report like this.
4. **Do not draw any conclusions about model performance** from this period. It is not evidence the system is working well — it is evidence the system may not be running.

---

Once a normal volume of flights is flowing through the system, a meaningful accuracy assessment can be completed. This report should be rerun against a period with actual data before any decisions about the scoring model are made.",[],1
4,2026-05-20 00:46:43.49307,12,4,0,4,0,8,0,,,49.083332,"# Travnr Risk Scoring Health Report
**Period: 2026-05-19 | Generated for internal review**

---

## 1. Overall Accuracy: Not Working

Bluntly: the system had a 0% precision rate this period. All 4 red-flagged flights (AA1517, UA1517, AA3053, AA2363) flew without incident. No disruptions occurred across any of the 12 flights, so recall is unmeasurable — but the red tier is currently meaningless as a signal.

---

## 2. False Positive Patterns

All 4 false positives share an obvious geographic pattern: **3 of the 4 involve DFW** (UA1517 DFW→ORD, AA3053 DFW→MKE, AA2363 DFW→MKE), and the fourth (AA1517) mirrors the DFW→ORD route on a different carrier. The system appears to have triggered heavily on DFW as an origin or on that corridor specifically — possibly a weather or congestion signal that didn't materialize. Meanwhile, genuinely comparable amber flights on ORD routes (AA1505, UA2035, both scored 48) flew fine and were correctly left alone.

---

## 3. Over/Under-Weighted Signals

**Over-weighted:** DFW-origin or DFW-corridor risk. Whatever is driving scores of 60–69 on the DFW routes — likely forecast convective weather or historical delay rates — it fired aggressively and was wrong on every instance this period.

**Likely under-tested:** Carrier-specific performance. AA operated 3 of the 4 false positives, but AA also operated several amber flights that were fine. No disruptions on any AA flight suggest the AA penalty (if one exists) isn't adding predictive value here.

**Scores in the 60–69 range** appear to be the problem band. Scores below 55 (amber) were uniformly accurate true negatives.

---

## 4. Recommendations

- **Raise the red threshold** temporarily. Given this data, scores of 60–69 are not reliably indicating disruption. Consider requiring 70+ for red tier until recalibration occurs.
- **Audit the DFW risk factor.** Check whether a weather forecast input for DFW on 05-19 was stale, incorrect, or over-amplified. This is the single most likely root cause.
- **Add an outcome feedback loop by airport.** If DFW-origin flights have a history of false positives in the scoring model, that should dampen the signal weight.
- **Flag ""Unknown"" actual status flights** (AA1517, AA3053, AA1505, UA1517) for manual follow-up. Three of the four are false positives — if any of those flights were actually delayed, the disruption rate changes materially.

---

## 5. Active High-Risk Flights

None currently. Nothing to assess.

---

## 6. Data Quality Issues

**This sample is too small to draw firm conclusions.** 12 flights, zero disruptions, one day — this is a single snapshot, not a trend. The complete absence of any disrupted flight means recall cannot be calculated at all. Before adjusting model weights, pull at least 60–90 days of outcomes. The DFW pattern is a credible hypothesis, not yet a finding.","{""past"": [{""id"": 11, ""route"": ""DTW → JFK"", ""peakTier"": ""amber"", ""disrupted"": false, ""peakScore"": 46, ""actualStatus"": ""Scheduled"", ""flightNumber"": ""DL1316"", ""departureDate"": ""2026-05-19"", ""classification"": ""true_negative"", ""actualCancelled"": false, ""actualDelayMinutes"": 0}, {""id"": 13, ""route"": ""DFW → ORD"", ""peakTier"": ""red"", ""disrupted"": false, ""peakScore"": 69, ""actualStatus"": ""Unknown"", ""flightNumber"": ""AA1517"", ""departureDate"": ""2026-05-19"", ""classification"": ""false_positive"", ""actualCancelled"": false, ""actualDelayMinutes"": 0}, {""id"": 7, ""route"": ""ORD → JFK"", ""peakTier"": ""amber"", ""disrupted"": false, ""peakScore"": 51, ""actualStatus"": ""Arrived"", ""flightNumber"": ""AA696"", ""departureDate"": ""2026-05-19"", ""classification"": ""true_negative"", ""actualCancelled"": false, ""actualDelayMinutes"": 0}, {""id"": 10, ""route"": ""ORD → LGA"", ""peakTier"": ""amber"", ""disrupted"": false, ""peakScore"": 48, ""actualStatus"": ""Scheduled"", ""flightNumber"": ""UA2035"", ""departureDate"": ""2026-05-19"", ""classification"": ""true_negative"", ""actualCancelled"": false, ""actualDelayMinutes"": 0}, {""id"": 18, ""route"": ""MIA → LGA"", ""peakTier"": ""amber"", ""disrupted"": false, ""peakScore"": 43, ""actualStatus"": ""Scheduled"", ""flightNumber"": ""AA352"", ""departureDate"": ""2026-05-19"", ""classification"": ""true_negative"", ""actualCancelled"": false, ""actualDelayMinutes"": 0}, {""id"": 17, ""route"": ""TPA → CLT"", ""peakTier"": ""amber"", ""disrupted"": false, ""peakScore"": 27, ""actualStatus"": ""Scheduled"", ""flightNumber"": ""AA3052"", ""departureDate"": ""2026-05-19"", ""classification"": ""true_negative"", ""actualCancelled"": false, ""actualDelayMinutes"": 0}, {""id"": 9, ""route"": ""ORD → LGA"", ""peakTier"": ""amber"", ""disrupted"": false, ""peakScore"": 48, ""actualStatus"": ""Unknown"", ""flightNumber"": ""AA1505"", ""departureDate"": ""2026-05-19"", ""classification"": ""true_negative"", ""actualCancelled"": false, ""actualDelayMinutes"": 0}, {""id"": 19, ""route"": ""TYS → ATL"", ""peakTier"": ""green"", ""disrupted"": false, ""peakScore"": 11, ""actualStatus"": ""Arrived"", ""flightNumber"": ""DL5242"", ""departureDate"": ""2026-05-19"", ""classification"": ""true_negative"", ""actualCancelled"": false, ""actualDelayMinutes"": 0}, {""id"": 14, ""route"": ""MKE → DFW"", ""peakTier"": ""amber"", ""disrupted"": false, ""peakScore"": 55, ""actualStatus"": ""Arrived"", ""flightNumber"": ""AA1421"", ""departureDate"": ""2026-05-19"", ""classification"": ""true_negative"", ""actualCancelled"": false, ""actualDelayMinutes"": 0}, {""id"": 12, ""route"": ""DFW → ORD"", ""peakTier"": ""red"", ""disrupted"": false, ""peakScore"": 67, ""actualStatus"": ""Scheduled"", ""flightNumber"": ""UA1517"", ""departureDate"": ""2026-05-19"", ""classification"": ""false_positive"", ""actualCancelled"": false, ""actualDelayMinutes"": 0}, {""id"": 16, ""route"": ""DFW → MKE"", ""peakTier"": ""red"", ""disrupted"": false, ""peakScore"": 64, ""actualStatus"": ""Unknown"", ""flightNumber"": ""AA3053"", ""departureDate"": ""2026-05-19"", ""classification"": ""false_positive"", ""actualCancelled"": false, ""actualDelayMinutes"": 0}, {""id"": 15, ""route"": ""DFW → MKE"", ""peakTier"": ""red"", ""disrupted"": false, ""peakScore"": 60, ""actualStatus"": ""Arrived"", ""flightNumber"": ""AA2363"", ""departureDate"": ""2026-05-19"", ""classification"": ""false_positive"", ""actualCancelled"": false, ""actualDelayMinutes"": 0}], ""activeHighRisk"": []}",1
5,2026-05-23 16:43:09.424123,14,4,1,3,0,10,0.25,1,75,47.846153,"# Travnr Risk Scoring Health Report

## 1. Overall Accuracy Assessment

The system is functioning as a **conservative safety net, not a precise predictor**. With 25% precision and 100% recall across 14 flights, it catches every real disruption but cries wolf 75% of the time. One true positive (AA3053, cancelled DFW→MKE) against three false positives is not a viable operating ratio — users will tune out red alerts quickly if three out of four mean nothing.

## 2. False Positive Patterns

All three false positives share a striking profile: **DFW origin or destination, scores in the 60–69 range, on May 19**. UA1517 and AA1517 are literally the same DFW→ORD route (scores 67 and 69), both flew fine. AA2363 was also DFW→MKE (score 60), also fine — while AA3053 on the *same DFW→MKE route* scored 75 and was cancelled. The system correctly identified DFW on May 19 as elevated risk but couldn't discriminate *which* DFW flights would actually be hit. There are **zero false negatives**, which is good, but the clustering of false positives around a single airport on a single day suggests a weather or NOTAM signal is being applied too broadly across all DFW departures rather than to specific flights.

## 3. Over/Under-Weighted Signals

**Over-weighted:** Regional weather or airport congestion flags tied to DFW on May 19. The signal clearly fired for the whole airport and got applied uniformly, inflating scores for flights that ultimately operated normally. The 22-point gap between the cancelled AA3053 (75) and the false positive AA2363 (60) on the same route suggests the scoring isn't granular enough to separate vulnerable from resilient flights within the same risk environment.

**Under-weighted:** Carrier-specific or aircraft-specific factors. Something differentiated AA3053 from AA2363 — equipment type, crew positioning, or connection dependencies — and the model isn't capturing it.

## 4. Recommendations

- **Introduce airport-level vs. flight-level risk separation.** Flag DFW as a ""watch zone"" without auto-elevating every departure to red. Reserve red for flights with compounding factors beyond just origin airport.
- **Add a score floor for red tier.** Three of four red flags scored 60–69. Consider raising the red threshold to 72–75 until precision improves, accepting slightly reduced recall.
- **Incorporate cancellation base rates by route and carrier.** AA3053 on a regional DFW→MKE hop is structurally more cancellation-prone than mainline metal on the same corridor.

## 5. Active High-Risk Flights

No active red-tier flights currently. Nothing to assess.

## 6. Data Quality Warning

**14 flights is statistically insufficient** to draw firm conclusions. One cancellation drives 100% recall; one more missed disruption drops it to 50%. These findings are directionally useful but should not drive threshold changes until the dataset reaches at least 80–100 departed flights. Prioritize logging volume before tuning weights.","{""past"": [{""id"": 8, ""route"": ""ORD → JFK"", ""peakTier"": ""amber"", ""disrupted"": false, ""peakScore"": 44, ""actualStatus"": ""Arrived"", ""flightNumber"": ""DL5719"", ""departureDate"": ""2026-05-20"", ""classification"": ""true_negative"", ""actualCancelled"": false, ""actualDelayMinutes"": 0}, {""id"": 6, ""route"": ""ORD → LGA"", ""peakTier"": ""amber"", ""disrupted"": false, ""peakScore"": 46, ""actualStatus"": ""Arrived"", ""flightNumber"": ""UA586"", ""departureDate"": ""2026-05-20"", ""classification"": ""true_negative"", ""actualCancelled"": false, ""actualDelayMinutes"": 0}, {""id"": 19, ""route"": ""TYS → ATL"", ""peakTier"": ""green"", ""disrupted"": false, ""peakScore"": 18, ""actualStatus"": ""Arrived"", ""flightNumber"": ""DL5242"", ""departureDate"": ""2026-05-19"", ""classification"": ""true_negative"", ""actualCancelled"": false, ""actualDelayMinutes"": 0}, {""id"": 10, ""route"": ""ORD → LGA"", ""peakTier"": ""amber"", ""disrupted"": false, ""peakScore"": 48, ""actualStatus"": ""Approaching"", ""flightNumber"": ""UA2035"", ""departureDate"": ""2026-05-19"", ""classification"": ""true_negative"", ""actualCancelled"": false, ""actualDelayMinutes"": 0}, {""id"": 18, ""route"": ""MIA → LGA"", ""peakTier"": ""amber"", ""disrupted"": false, ""peakScore"": 43, ""actualStatus"": ""Scheduled"", ""flightNumber"": ""AA352"", ""departureDate"": ""2026-05-19"", ""classification"": ""true_negative"", ""actualCancelled"": false, ""actualDelayMinutes"": 0}, {""id"": 16, ""route"": ""DFW → MKE"", ""peakTier"": ""red"", ""disrupted"": true, ""peakScore"": 75, ""actualStatus"": ""Cancelled"", ""flightNumber"": ""AA3053"", ""departureDate"": ""2026-05-19"", ""classification"": ""true_positive"", ""actualCancelled"": true, ""actualDelayMinutes"": 0}, {""id"": 11, ""route"": ""DTW → JFK"", ""peakTier"": ""amber"", ""disrupted"": false, ""peakScore"": 46, ""actualStatus"": ""Arrived"", ""flightNumber"": ""DL1316"", ""departureDate"": ""2026-05-19"", ""classification"": ""true_negative"", ""actualCancelled"": false, ""actualDelayMinutes"": 0}, {""id"": 9, ""route"": ""ORD → LGA"", ""peakTier"": ""amber"", ""disrupted"": false, ""peakScore"": 48, ""actualStatus"": ""Arrived"", ""flightNumber"": ""AA1505"", ""departureDate"": ""2026-05-19"", ""classification"": ""true_negative"", ""actualCancelled"": false, ""actualDelayMinutes"": 0}, {""id"": 7, ""route"": ""ORD → JFK"", ""peakTier"": ""amber"", ""disrupted"": false, ""peakScore"": 51, ""actualStatus"": ""Arrived"", ""flightNumber"": ""AA696"", ""departureDate"": ""2026-05-19"", ""classification"": ""true_negative"", ""actualCancelled"": false, ""actualDelayMinutes"": 0}, {""id"": 12, ""route"": ""DFW → ORD"", ""peakTier"": ""red"", ""disrupted"": false, ""peakScore"": 67, ""actualStatus"": ""Arrived"", ""flightNumber"": ""UA1517"", ""departureDate"": ""2026-05-19"", ""classification"": ""false_positive"", ""actualCancelled"": false, ""actualDelayMinutes"": 0}, {""id"": 13, ""route"": ""DFW → ORD"", ""peakTier"": ""red"", ""disrupted"": false, ""peakScore"": 69, ""actualStatus"": ""Arrived"", ""flightNumber"": ""AA1517"", ""departureDate"": ""2026-05-19"", ""classification"": ""false_positive"", ""actualCancelled"": false, ""actualDelayMinutes"": 0}, {""id"": 17, ""route"": ""TPA → CLT"", ""peakTier"": ""amber"", ""disrupted"": false, ""peakScore"": 27, ""actualStatus"": ""Arrived"", ""flightNumber"": ""AA3052"", ""departureDate"": ""2026-05-19"", ""classification"": ""true_negative"", ""actualCancelled"": false, ""actualDelayMinutes"": 0}, {""id"": 14, ""route"": ""MKE → DFW"", ""peakTier"": ""amber"", ""disrupted"": false, ""peakScore"": 55, ""actualStatus"": ""Arrived"", ""flightNumber"": ""AA1421"", ""departureDate"": ""2026-05-19"", ""classification"": ""true_negative"", ""actualCancelled"": false, ""actualDelayMinutes"": 0}, {""id"": 15, ""route"": ""DFW → MKE"", ""peakTier"": ""red"", ""disrupted"": false, ""peakScore"": 60, ""actualStatus"": ""Arrived"", ""flightNumber"": ""AA2363"", ""departureDate"": ""2026-05-19"", ""classification"": ""false_positive"", ""actualCancelled"": false, ""actualDelayMinutes"": 0}], ""activeHighRisk"": []}",1
6,2026-06-04 02:49:17.566325,0,0,0,0,0,0,,,,,"# Travnr Flight Risk System — Health Report

## Honest Assessment

There is nothing to assess. The system returned zero flights across every category — no departures analyzed, no flags issued, no outcomes recorded. All metrics are undefined. The system is either not yet ingesting flight data, is misconfigured, or this report was generated before any flights have been processed.

## False Positive / False Negative Patterns

None. No flight-level data exists to analyze.

## Signal Weighting

Cannot be evaluated. With no scored flights and no outcomes, there is no basis to say whether weather, carrier history, airport congestion, or any other signal is over or under-weighted.

## Recommendations

1. **Confirm the data pipeline is running.** Check whether the flight ingestion job is executing on schedule and writing results to the database the scoring system reads from.
2. **Verify the analysis window.** If the lookback period is misconfigured (e.g., set to zero days or a future date range), it would produce exactly this result.
3. **Check the active flights feed separately.** Even if historical data is missing, the system should have current departures to score. Zero active high-risk flights alongside zero historical flights suggests a broader connectivity or configuration failure.
4. **Add a data availability check** that raises an alert when the flight count is zero, so this failure mode is caught before a report is generated rather than during review.

## Active High-Risk Flights

There are none listed. No commentary is possible.

## Data Quality

This is the only meaningful finding: **the dataset is entirely empty, and no conclusions of any kind can be drawn.** This report should not be treated as evidence that the system is performing well. A zero-flight result is a system health warning, not a clean bill of health.","{""past"": [], ""activeHighRisk"": []}",3
7,2026-06-09 22:57:50.755938,50,0,0,0,1,49,,0,49,26.755102,"# Travnr Flight Risk System — Health Report
**Analysis Period: June 7, 2026 | 50 Flights**

---

## 1. Overall Accuracy
The system is not working. Recall is 0% — the one disrupted flight (AA4065, DFW→CRP, cancelled) was never flagged. It peaked at score 49, amber tier. No flights were flagged red at any point. The system is functionally blind to cancellations right now.

## 2. False Negative Pattern
AA4065 is the only disruption and it sits at score 49 — the highest amber score in the dataset, and notably higher than the average on-time score of 26.8. The system got directionally close but the red threshold is clearly set too high. Several amber flights scored comparably (AA503 at 48, LF3006 at 52, AA2235 at 47, BA192 at 47) and flew fine, but the one that was actually cancelled didn't clear the red threshold. There are zero false positives to analyze.

## 3. Signal Weighting Issues
The red threshold appears to be the core problem. A score of 49 on a flight that was subsequently cancelled suggests the cancellation signals were present but weighted too conservatively. LF3006 (DFW→TUP) scored 52 — the highest in the dataset — and completed fine, which suggests DFW-origin flights or short regional routes may be inflating scores without converting to actual disruptions. If DFW weather or congestion signals are driving amber scores broadly across AA/regional carriers without discrimination, the model is creating noise at the amber level that makes it harder to calibrate the red threshold meaningfully.

## 4. Recommendations
- **Lower the red threshold.** A score of 49 should have been red. Consider setting red at ≥45, then back-test against historical data to check false positive rate.
- **Add cancellation-specific signals.** Delays and cancellations have different causes. If AA4065's cancellation was weather or mechanical, those signals need heavier weighting separate from delay risk.
- **Audit DFW regional routes.** Multiple DFW-origin flights (AA1324, AA2235, AA1201, AA1507, AA503) clustered in the 41–48 range without incident. If a shared DFW congestion signal is inflating all of them equally, it's masking real variance.
- **Flag score-49+ amber flights for manual review** as an interim safeguard until the threshold is recalibrated.

## 5. Active High-Risk Flights
No flights are currently in red tier. Nothing to assess. This is consistent with the threshold problem — if the system won't flag a cancelled flight at 49, it's unlikely to flag anything.

## 6. Data Quality
50 flights with 1 disruption is far too small to draw statistically meaningful conclusions. The 2% disruption rate may also be unrepresentative of normal operations. Conclusions here are directionally reasonable but should be validated against a larger window — ideally 500+ flights across multiple days before recalibrating thresholds with confidence.

**Bottom line: the threshold is the immediate fix. Do it now.**","{""past"": [{""id"": 151, ""route"": ""LAX → PHX"", ""peakTier"": ""green"", ""disrupted"": false, ""peakScore"": 19, ""actualStatus"": ""Arrived"", ""flightNumber"": ""WN2421"", ""departureDate"": ""2026-06-07"", ""classification"": ""true_negative"", ""actualCancelled"": false, ""actualDelayMinutes"": 0}, {""id"": 147, ""route"": ""ORD → CLT"", ""peakTier"": ""green"", ""disrupted"": false, ""peakScore"": 22, ""actualStatus"": ""Arrived"", ""flightNumber"": ""UA3450"", ""departureDate"": ""2026-06-07"", ""classification"": ""true_negative"", ""actualCancelled"": false, ""actualDelayMinutes"": 0}, {""id"": 185, ""route"": ""ATL → AMS"", ""peakTier"": ""green"", ""disrupted"": false, ""peakScore"": 15, ""actualStatus"": ""Arrived"", ""flightNumber"": ""DL74"", ""departureDate"": ""2026-06-07"", ""classification"": ""true_negative"", ""actualCancelled"": false, ""actualDelayMinutes"": 0}, {""id"": 136, ""route"": ""LAX → JFK"", ""peakTier"": ""amber"", ""disrupted"": false, ""peakScore"": 33, ""actualStatus"": ""Arrived"", ""flightNumber"": ""DL979"", ""departureDate"": ""2026-06-07"", ""classification"": ""true_negative"", ""actualCancelled"": false, ""actualDelayMinutes"": 0}, {""id"": 150, ""route"": ""LAX → JFK"", ""peakTier"": ""amber"", ""disrupted"": false, ""peakScore"": 32, ""actualStatus"": ""Arrived"", ""flightNumber"": ""AA32"", ""departureDate"": ""2026-06-07"", ""classification"": ""true_negative"", ""actualCancelled"": false, ""actualDelayMinutes"": 0}, {""id"": 146, ""route"": ""ORD → RAP"", ""peakTier"": ""green"", ""disrupted"": false, ""peakScore"": 23, ""actualStatus"": ""Arrived"", ""flightNumber"": ""UA2847"", ""departureDate"": ""2026-06-07"", ""classification"": ""true_negative"", ""actualCancelled"": false, ""actualDelayMinutes"": 0}, {""id"": 145, ""route"": ""BOS → YYZ"", ""peakTier"": ""green"", ""disrupted"": false, ""peakScore"": 15, ""actualStatus"": ""Arrived"", ""flightNumber"": ""PD616"", ""departureDate"": ""2026-06-07"", ""classification"": ""true_negative"", ""actualCancelled"": false, ""actualDelayMinutes"": 0}, {""id"": 182, ""route"": ""JFK → MXP"", ""peakTier"": ""amber"", ""disrupted"": false, ""peakScore"": 37, ""actualStatus"": ""Arrived"", ""flightNumber"": ""EK206"", ""departureDate"": ""2026-06-07"", ""classification"": ""true_negative"", ""actualCancelled"": false, ""actualDelayMinutes"": 0}, {""id"": 191, ""route"": ""DFW → LHR"", ""peakTier"": ""amber"", ""disrupted"": false, ""peakScore"": 47, ""actualStatus"": ""Arrived"", ""flightNumber"": ""BA192"", ""departureDate"": ""2026-06-07"", ""classification"": ""true_negative"", ""actualCancelled"": false, ""actualDelayMinutes"": 0}, {""id"": 134, ""route"": ""DFW → SJD"", ""peakTier"": ""amber"", ""disrupted"": false, ""peakScore"": 41, ""actualStatus"": ""Departed"", ""flightNumber"": ""AA1324"", ""departureDate"": ""2026-06-07"", ""classification"": ""true_negative"", ""actualCancelled"": false, ""actualDelayMinutes"": 0}, {""id"": 184, ""route"": ""DFW → LAS"", ""peakTier"": ""amber"", ""disrupted"": false, ""peakScore"": 45, ""actualStatus"": ""Arrived"", ""flightNumber"": ""AA2864"", ""departureDate"": ""2026-06-07"", ""classification"": ""true_negative"", ""actualCancelled"": false, ""actualDelayMinutes"": 0}, {""id"": 174, ""route"": ""ORD → PHL"", ""peakTier"": ""amber"", ""disrupted"": false, ""peakScore"": 26, ""actualStatus"": ""Arrived"", ""flightNumber"": ""AA1848"", ""departureDate"": ""2026-06-07"", ""classification"": ""true_negative"", ""actualCancelled"": false, ""actualDelayMinutes"": 0}, {""id"": 144, ""route"": ""LAX → PVR"", ""peakTier"": ""green"", ""disrupted"": false, ""peakScore"": 13, ""actualStatus"": ""Departed"", ""flightNumber"": ""UA319"", ""departureDate"": ""2026-06-07"", ""classification"": ""true_negative"", ""actualCancelled"": false, ""actualDelayMinutes"": 0}, {""id"": 143, ""route"": ""ORD → FLL"", ""peakTier"": ""green"", ""disrupted"": false, ""peakScore"": 21, ""actualStatus"": ""Arrived"", ""flightNumber"": ""UA1421"", ""departureDate"": ""2026-06-07"", ""classification"": ""true_negative"", ""actualCancelled"": false, ""actualDelayMinutes"": 0}, {""id"": 171, ""route"": ""ORD → DUB"", ""peakTier"": ""amber"", ""disrupted"": false, ""peakScore"": 26, ""actualStatus"": ""Arrived"", ""flightNumber"": ""EI122"", ""departureDate"": ""2026-06-07"", ""classification"": ""true_negative"", ""actualCancelled"": false, ""actualDelayMinutes"": 0}, {""id"": 138, ""route"": ""JFK → DFW"", ""peakTier"": ""amber"", ""disrupted"": false, ""peakScore"": 37, ""actualStatus"": ""Scheduled"", ""flightNumber"": ""AA2234"", ""departureDate"": ""2026-06-07"", ""classification"": ""true_negative"", ""actualCancelled"": false, ""actualDelayMinutes"": 0}, {""id"": 157, ""route"": ""BOS → ICN"", ""peakTier"": ""green"", ""disrupted"": false, ""peakScore"": 14, ""actualStatus"": ""Arrived"", ""flightNumber"": ""KE92"", ""departureDate"": ""2026-06-07"", ""classification"": ""true_negative"", ""actualCancelled"": false, ""actualDelayMinutes"": 0}, {""id"": 181, ""route"": ""JFK → SDQ"", ""peakTier"": ""amber"", ""disrupted"": false, ""peakScore"": 37, ""actualStatus"": ""Scheduled"", ""flightNumber"": ""DL1943"", ""departureDate"": ""2026-06-07"", ""classification"": ""true_negative"", ""actualCancelled"": false, ""actualDelayMinutes"": 0}, {""id"": 170, ""route"": ""LAX → RDM"", ""peakTier"": ""amber"", ""disrupted"": false, ""peakScore"": 29, ""actualStatus"": ""EnRoute"", ""flightNumber"": ""AS2162"", ""departureDate"": ""2026-06-07"", ""classification"": ""true_negative"", ""actualCancelled"": false, ""actualDelayMinutes"": 0}, {""id"": 188, ""route"": ""ATL → ORD"", ""peakTier"": ""amber"", ""disrupted"": false, ""peakScore"": 28, ""actualStatus"": ""Arrived"", ""flightNumber"": ""DL1199"", ""departureDate"": ""2026-06-07"", ""classification"": ""true_negative"", ""actualCancelled"": false, ""actualDelayMinutes"": 0}, {""id"": 192, ""route"": ""DFW → VPS"", ""peakTier"": ""amber"", ""disrupted"": false, ""peakScore"": 44, ""actualStatus"": ""Arrived"", ""flightNumber"": ""AA1201"", ""departureDate"": ""2026-06-07"", ""classification"": ""true_negative"", ""actualCancelled"": false, ""actualDelayMinutes"": 0}, {""id"": 135, ""route"": ""JFK → POS"", ""peakTier"": ""amber"", ""disrupted"": false, ""peakScore"": 30, ""actualStatus"": ""EnRoute"", ""flightNumber"": ""BW521"", ""departureDate"": ""2026-06-07"", ""classification"": ""true_negative"", ""actualCancelled"": false, ""actualDelayMinutes"": 0}, {""id"": 166, ""route"": ""LAX → SFO"", ""peakTier"": ""amber"", ""disrupted"": false, ""peakScore"": 37, ""actualStatus"": ""Arrived"", ""flightNumber"": ""AS221"", ""departureDate"": ""2026-06-07"", ""classification"": ""true_negative"", ""actualCancelled"": false, ""actualDelayMinutes"": 0}, {""id"": 158, ""route"": ""ATL → HVN"", ""peakTier"": ""green"", ""disrupted"": false, ""peakScore"": 9, ""actualStatus"": ""Arrived"", ""flightNumber"": ""XP394"", ""departureDate"": ""2026-06-07"", ""classification"": ""true_negative"", ""actualCancelled"": false, ""actualDelayMinutes"": 0}, {""id"": 164, ""route"": ""LAX → PDX"", ""peakTier"": ""green"", ""disrupted"": false, ""peakScore"": 16, ""actualStatus"": ""Arrived"", ""flightNumber"": ""DL2459"", ""departureDate"": ""2026-06-07"", ""classification"": ""true_negative"", ""actualCancelled"": false, ""actualDelayMinutes"": 0}, {""id"": 169, ""route"": ""BOS → ORD"", ""peakTier"": ""amber"", ""disrupted"": false, ""peakScore"": 31, ""actualStatus"": ""Arrived"", ""flightNumber"": ""UA2040"", ""departureDate"": ""2026-06-07"", ""classification"": ""true_negative"", ""actualCancelled"": false, ""actualDelayMinutes"": 0}, {""id"": 190, ""route"": ""ORD → BOS"", ""peakTier"": ""amber"", ""disrupted"": false, ""peakScore"": 33, ""actualStatus"": ""Arrived"", ""flightNumber"": ""AA2682"", ""departureDate"": ""2026-06-07"", ""classification"": ""true_negative"", ""actualCancelled"": false, ""actualDelayMinutes"": 0}, {""id"": 167, ""route"": ""JFK → MLA"", ""peakTier"": ""amber"", ""disrupted"": false, ""peakScore"": 35, ""actualStatus"": ""Arrived"", ""flightNumber"": ""DL148"", ""departureDate"": ""2026-06-07"", ""classification"": ""true_negative"", ""actualCancelled"": false, ""actualDelayMinutes"": 0}, {""id"": 193, ""route"": ""ORD → LAS"", ""peakTier"": ""amber"", ""disrupted"": false, ""peakScore"": 30, ""actualStatus"": ""Arrived"", ""flightNumber"": ""AA1880"", ""departureDate"": ""2026-06-07"", ""classification"": ""true_negative"", ""actualCancelled"": false, ""actualDelayMinutes"": 0}, {""id"": 186, ""route"": ""DFW → DEN"", ""peakTier"": ""amber"", ""disrupted"": false, ""peakScore"": 47, ""actualStatus"": ""Arrived"", ""flightNumber"": ""AA2235"", ""departureDate"": ""2026-06-07"", ""classification"": ""true_negative"", ""actualCancelled"": false, ""actualDelayMinutes"": 0}, {""id"": 140, ""route"": ""ATL → LFT"", ""peakTier"": ""green"", ""disrupted"": false, ""peakScore"": 12, ""actualStatus"": ""Arrived"", ""flightNumber"": ""DL5526"", ""departureDate"": ""2026-06-07"", ""classification"": ""true_negative"", ""actualCancelled"": false, ""actualDelayMinutes"": 0}, {""id"": 168, ""route"": ""BOS → YUL"", ""peakTier"": ""green"", ""disrupted"": false, ""peakScore"": 17, ""actualStatus"": ""Arrived"", ""flightNumber"": ""AC753"", ""departureDate"": ""2026-06-07"", ""classification"": ""true_negative"", ""actualCancelled"": false, ""actualDelayMinutes"": 0}, {""id"": 156, ""route"": ""DFW → TUP"", ""peakTier"": ""amber"", ""disrupted"": false, ""peakScore"": 52, ""actualStatus"": ""EnRoute"", ""flightNumber"": ""LF3006"", ""departureDate"": ""2026-06-07"", ""classification"": ""true_negative"", ""actualCancelled"": false, ""actualDelayMinutes"": 0}, {""id"": 142, ""route"": ""BOS → CLT"", ""peakTier"": ""green"", ""disrupted"": false, ""peakScore"": 13, ""actualStatus"": ""Arrived"", ""flightNumber"": ""AA1462"", ""departureDate"": ""2026-06-07"", ""classification"": ""true_negative"", ""actualCancelled"": false, ""actualDelayMinutes"": 0}, {""id"": 175, ""route"": ""LAX → BWI"", ""peakTier"": ""green"", ""disrupted"": false, ""peakScore"": 19, ""actualStatus"": ""Arrived"", ""flightNumber"": ""UA1605"", ""departureDate"": ""2026-06-07"", ""classification"": ""true_negative"", ""actualCancelled"": false, ""actualDelayMinutes"": 0}, {""id"": 177, ""route"": ""ORD → LHR"", ""peakTier"": ""amber"", ""disrupted"": false, ""peakScore"": 26, ""actualStatus"": ""Arrived"", ""flightNumber"": ""AA86"", ""departureDate"": ""2026-06-07"", ""classification"": ""true_negative"", ""actualCancelled"": false, ""actualDelayMinutes"": 0}, {""id"": 189, ""route"": ""ORD → YYC"", ""peakTier"": ""amber"", ""disrupted"": false, ""peakScore"": 26, ""actualStatus"": ""Arrived"", ""flightNumber"": ""UA1156"", ""departureDate"": ""2026-06-07"", ""classification"": ""true_negative"", ""actualCancelled"": false, ""actualDelayMinutes"": 0}, {""id"": 159, ""route"": ""BOS → IAD"", ""peakTier"": ""green"", ""disrupted"": false, ""peakScore"": 16, ""actualStatus"": ""Arrived"", ""flightNumber"": ""UA721"", ""departureDate"": ""2026-06-07"", ""classification"": ""true_negative"", ""actualCancelled"": false, ""actualDelayMinutes"": 0}, {""id"": 160, ""route"": ""DFW → CUN"", ""peakTier"": ""amber"", ""disrupted"": false, ""peakScore"": 44, ""actualStatus"": ""Arrived"", ""flightNumber"": ""AA1507"", ""departureDate"": ""2026-06-07"", ""classification"": ""true_negative"", ""actualCancelled"": false, ""actualDelayMinutes"": 0}, {""id"": 178, ""route"": ""BOS → SEA"", ""peakTier"": ""green"", ""disrupted"": false, ""peakScore"": 19, ""actualStatus"": ""Arrived"", ""flightNumber"": ""DL324"", ""departureDate"": ""2026-06-07"", ""classification"": ""true_negative"", ""actualCancelled"": false, ""actualDelayMinutes"": 0}, {""id"": 137, ""route"": ""ATL → HSV"", ""peakTier"": ""green"", ""disrupted"": false, ""peakScore"": 19, ""actualStatus"": ""Arrived"", ""flightNumber"": ""DL1708"", ""departureDate"": ""2026-06-07"", ""classification"": ""true_negative"", ""actualCancelled"": false, ""actualDelayMinutes"": 0}, {""id"": 187, ""route"": ""ATL → PHX"", ""peakTier"": ""green"", ""disrupted"": false, ""peakScore"": 18, ""actualStatus"": ""Arrived"", ""flightNumber"": ""WN224"", ""departureDate"": ""2026-06-07"", ""classification"": ""true_negative"", ""actualCancelled"": false, ""actualDelayMinutes"": 0}, {""id"": 133, ""route"": ""ATL → IAH"", ""peakTier"": ""green"", ""disrupted"": false, ""peakScore"": 11, ""actualStatus"": ""Arrived"", ""flightNumber"": ""DL1585"", ""departureDate"": ""2026-06-07"", ""classification"": ""true_negative"", ""actualCancelled"": false, ""actualDelayMinutes"": 0}, {""id"": 180, ""route"": ""BOS → DCA"", ""peakTier"": ""green"", ""disrupted"": false, ""peakScore"": 20, ""actualStatus"": ""Arrived"", ""flightNumber"": ""DL5704"", ""departureDate"": ""2026-06-07"", ""classification"": ""true_negative"", ""actualCancelled"": false, ""actualDelayMinutes"": 0}, {""id"": 139, ""route"": ""DFW → PUJ"", ""peakTier"": ""amber"", ""disrupted"": false, ""peakScore"": 48, ""actualStatus"": ""Departed"", ""flightNumber"": ""AA503"", ""departureDate"": ""2026-06-07"", ""classification"": ""true_negative"", ""actualCancelled"": false, ""actualDelayMinutes"": 0}, {""id"": 194, ""route"": ""DFW → CRP"", ""peakTier"": ""amber"", ""disrupted"": true, ""peakScore"": 49, ""actualStatus"": ""Cancelled"", ""flightNumber"": ""AA4065"", ""departureDate"": ""2026-06-07"", ""classification"": ""false_negative"", ""actualCancelled"": true, ""actualDelayMinutes"": 0}, {""id"": 165, ""route"": ""JFK → FRA"", ""peakTier"": ""amber"", ""disrupted"": false, ""peakScore"": 34, ""actualStatus"": ""Arrived"", ""flightNumber"": ""LH401"", ""departureDate"": ""2026-06-07"", ""classification"": ""true_negative"", ""actualCancelled"": false, ""actualDelayMinutes"": 0}, {""id"": 173, ""route"": ""LAX → IAD"", ""peakTier"": ""green"", ""disrupted"": false, ""peakScore"": 20, ""actualStatus"": ""Arrived"", ""flightNumber"": ""UA2632"", ""departureDate"": ""2026-06-07"", ""classification"": ""true_negative"", ""actualCancelled"": false, ""actualDelayMinutes"": 0}, {""id"": 163, ""route"": ""LAX → LHR"", ""peakTier"": ""green"", ""disrupted"": false, ""peakScore"": 16, ""actualStatus"": ""Arrived"", ""flightNumber"": ""UA923"", ""departureDate"": ""2026-06-07"", ""classification"": ""true_negative"", ""actualCancelled"": false, ""actualDelayMinutes"": 0}, {""id"": 161, ""route"": ""ATL → EVV"", ""peakTier"": ""green"", ""disrupted"": false, ""peakScore"": 9, ""actualStatus"": ""Arrived"", ""flightNumber"": ""DL5468"", ""departureDate"": ""2026-06-07"", ""classification"": ""true_negative"", ""actualCancelled"": false, ""actualDelayMinutes"": 0}], ""activeHighRisk"": []}",3
8,2026-06-10 01:15:39.930678,50,0,0,0,0,50,,,,9.22,"# Travnr Risk Scoring — System Health Report
**Period: June 9, 2026 | Flights Analyzed: 50**

---

## 1. Overall Accuracy

The system cannot be meaningfully evaluated right now. With zero disruptions across all 50 flights, every classification is a true negative by default. A 100% accuracy rate here reflects a quiet day in the data, not a validated model. There is no evidence yet that the system can actually detect disruptions.

## 2. False Positives / False Negatives

No false positives or false negatives to analyze. However, this masks a real concern: several flights carried notably elevated scores — UA1303 (DFW→DEN, score 31, amber), UA644 (DFW→DEN, score 28, amber), DL668 (JFK→SFO, score 21), DL5795 (JFK→PIT, score 16) — and all flew without incident. If amber scores of 28–31 routinely resolve fine, the threshold calibration for amber and red tiers is worth scrutinizing.

## 3. Signal Weighting Concerns

The DFW→DEN route appears twice in the top scorers (UA1303 at 31, UA644 at 28), suggesting the model is heavily weighting something route- or weather-specific for that corridor. Both arrived without delay. Either those signals fired on a risk that didn't materialize (acceptable), or DFW→DEN is being structurally over-scored. With only one day of data it's impossible to tell, but this pairing warrants a watch flag. Meanwhile, a large cluster of flights scored 0 — including international routes like AM649 (LAX→MEX) and AV441 (DFW→SAL) — which may reflect missing data feeds for those carriers rather than genuinely zero risk.

## 4. Recommendations

- **Accumulate more data before drawing conclusions.** A single disruption-free day proves nothing. You need at minimum several weeks with real positive cases to validate precision and recall.
- **Audit zero-score flights.** The AM649, AV441, MQ3480, and AA1862 zeros likely reflect data gaps, not low risk. Confirm whether those carriers are actually feeding into the scoring pipeline.
- **Track amber-tier outcomes separately.** If flights scoring 25–35 consistently land without issue, the amber threshold may need to be raised or the contributing signals reweighted.
- **Flag ""Unknown"" status flights** (UA4603, DL4148, DL2810, AA4908, AA2283, DL5535) for follow-up. They're currently counted as non-disrupted, but that's unconfirmed.

## 5. Active High-Risk Flights

None currently. Nothing to assess.

## 6. Data Quality Issues

Several flights report `actualStatus: ""Unknown""` or `""Scheduled""` for a departure date of June 9 — these may not have resolved yet, meaning the disruption outcomes aren't fully confirmed. The dataset is also a single day with zero positive cases, making it statistically useless for model validation. This report should be treated as a baseline snapshot, not an accuracy assessment.

**Bottom line: the system isn't broken, but it hasn't been tested yet.**","{""past"": [{""id"": 233, ""route"": ""ORD → PIA"", ""peakTier"": ""green"", ""disrupted"": false, ""peakScore"": 13, ""actualStatus"": ""Unknown"", ""flightNumber"": ""UA4603"", ""departureDate"": ""2026-06-09"", ""classification"": ""true_negative"", ""actualCancelled"": false, ""actualDelayMinutes"": 0}, {""id"": 241, ""route"": ""BOS → CLT"", ""peakTier"": ""green"", ""disrupted"": false, ""peakScore"": 0, ""actualStatus"": ""Arrived"", ""flightNumber"": ""DL5626"", ""departureDate"": ""2026-06-09"", ""classification"": ""true_negative"", ""actualCancelled"": false, ""actualDelayMinutes"": 0}, {""id"": 221, ""route"": ""BOS → ORD"", ""peakTier"": ""green"", ""disrupted"": false, ""peakScore"": 9, ""actualStatus"": ""Arrived"", ""flightNumber"": ""UA2040"", ""departureDate"": ""2026-06-09"", ""classification"": ""true_negative"", ""actualCancelled"": false, ""actualDelayMinutes"": 0}, {""id"": 199, ""route"": ""ATL → HSV"", ""peakTier"": ""green"", ""disrupted"": false, ""peakScore"": 8, ""actualStatus"": ""Arrived"", ""flightNumber"": ""DL1708"", ""departureDate"": ""2026-06-09"", ""classification"": ""true_negative"", ""actualCancelled"": false, ""actualDelayMinutes"": 0}, {""id"": 236, ""route"": ""ORD → DAY"", ""peakTier"": ""green"", ""disrupted"": false, ""peakScore"": 0, ""actualStatus"": ""Arrived"", ""flightNumber"": ""OO6440"", ""departureDate"": ""2026-06-09"", ""classification"": ""true_negative"", ""actualCancelled"": false, ""actualDelayMinutes"": 0}, {""id"": 240, ""route"": ""LAX → MEX"", ""peakTier"": ""green"", ""disrupted"": false, ""peakScore"": 0, ""actualStatus"": ""EnRoute"", ""flightNumber"": ""AM649"", ""departureDate"": ""2026-06-09"", ""classification"": ""true_negative"", ""actualCancelled"": false, ""actualDelayMinutes"": 0}, {""id"": 198, ""route"": ""ATL → CVG"", ""peakTier"": ""green"", ""disrupted"": false, ""peakScore"": 8, ""actualStatus"": ""Arrived"", ""flightNumber"": ""DL963"", ""departureDate"": ""2026-06-09"", ""classification"": ""true_negative"", ""actualCancelled"": false, ""actualDelayMinutes"": 0}, {""id"": 201, ""route"": ""JFK → SFO"", ""peakTier"": ""green"", ""disrupted"": false, ""peakScore"": 21, ""actualStatus"": ""Arrived"", ""flightNumber"": ""DL668"", ""departureDate"": ""2026-06-09"", ""classification"": ""true_negative"", ""actualCancelled"": false, ""actualDelayMinutes"": 0}, {""id"": 202, ""route"": ""JFK → LHR"", ""peakTier"": ""green"", ""disrupted"": false, ""peakScore"": 11, ""actualStatus"": ""Arrived"", ""flightNumber"": ""VS26"", ""departureDate"": ""2026-06-09"", ""classification"": ""true_negative"", ""actualCancelled"": false, ""actualDelayMinutes"": 0}, {""id"": 219, ""route"": ""BOS → JAX"", ""peakTier"": ""green"", ""disrupted"": false, ""peakScore"": 11, ""actualStatus"": ""Arrived"", ""flightNumber"": ""DL5657"", ""departureDate"": ""2026-06-09"", ""classification"": ""true_negative"", ""actualCancelled"": false, ""actualDelayMinutes"": 0}, {""id"": 228, ""route"": ""ATL → EYW"", ""peakTier"": ""green"", ""disrupted"": false, ""peakScore"": 9, ""actualStatus"": ""Arrived"", ""flightNumber"": ""DL2168"", ""departureDate"": ""2026-06-09"", ""classification"": ""true_negative"", ""actualCancelled"": false, ""actualDelayMinutes"": 0}, {""id"": 235, ""route"": ""ORD → COU"", ""peakTier"": ""green"", ""disrupted"": false, ""peakScore"": 0, ""actualStatus"": ""Arrived"", ""flightNumber"": ""MQ3480"", ""departureDate"": ""2026-06-09"", ""classification"": ""true_negative"", ""actualCancelled"": false, ""actualDelayMinutes"": 0}, {""id"": 237, ""route"": ""DFW → GRK"", ""peakTier"": ""green"", ""disrupted"": false, ""peakScore"": 0, ""actualStatus"": ""Arrived"", ""flightNumber"": ""MQ3549"", ""departureDate"": ""2026-06-09"", ""classification"": ""true_negative"", ""actualCancelled"": false, ""actualDelayMinutes"": 0}, {""id"": 239, ""route"": ""DFW → SAL"", ""peakTier"": ""green"", ""disrupted"": false, ""peakScore"": 0, ""actualStatus"": ""EnRoute"", ""flightNumber"": ""AV441"", ""departureDate"": ""2026-06-09"", ""classification"": ""true_negative"", ""actualCancelled"": false, ""actualDelayMinutes"": 0}, {""id"": 254, ""route"": ""ATL → CLE"", ""peakTier"": ""green"", ""disrupted"": false, ""peakScore"": 0, ""actualStatus"": ""Arrived"", ""flightNumber"": ""DL1339"", ""departureDate"": ""2026-06-09"", ""classification"": ""true_negative"", ""actualCancelled"": false, ""actualDelayMinutes"": 0}, {""id"": 231, ""route"": ""ORD → IND"", ""peakTier"": ""green"", ""disrupted"": false, ""peakScore"": 11, ""actualStatus"": ""EnRoute"", ""flightNumber"": ""UA3707"", ""departureDate"": ""2026-06-09"", ""classification"": ""true_negative"", ""actualCancelled"": false, ""actualDelayMinutes"": 0}, {""id"": 200, ""route"": ""ATL → TLH"", ""peakTier"": ""green"", ""disrupted"": false, ""peakScore"": 9, ""actualStatus"": ""Arrived"", ""flightNumber"": ""DL3064"", ""departureDate"": ""2026-06-09"", ""classification"": ""true_negative"", ""actualCancelled"": false, ""actualDelayMinutes"": 0}, {""id"": 256, ""route"": ""ATL → DAB"", ""peakTier"": ""green"", ""disrupted"": false, ""peakScore"": 0, ""actualStatus"": ""Unknown"", ""flightNumber"": ""DL2810"", ""departureDate"": ""2026-06-09"", ""classification"": ""true_negative"", ""actualCancelled"": false, ""actualDelayMinutes"": 0}, {""id"": 223, ""route"": ""DFW → PDX"", ""peakTier"": ""green"", ""disrupted"": false, ""peakScore"": 13, ""actualStatus"": ""Scheduled"", ""flightNumber"": ""AA2283"", ""departureDate"": ""2026-06-09"", ""classification"": ""true_negative"", ""actualCancelled"": false, ""actualDelayMinutes"": 0}, {""id"": 216, ""route"": ""ATL → MCO"", ""peakTier"": ""green"", ""disrupted"": false, ""peakScore"": 11, ""actualStatus"": ""Arrived"", ""flightNumber"": ""DL1642"", ""departureDate"": ""2026-06-09"", ""classification"": ""true_negative"", ""actualCancelled"": false, ""actualDelayMinutes"": 0}, {""id"": 210, ""route"": ""LAX → ORD"", ""peakTier"": ""green"", ""disrupted"": false, ""peakScore"": 11, ""actualStatus"": ""EnRoute"", ""flightNumber"": ""AA2718"", ""departureDate"": ""2026-06-09"", ""classification"": ""true_negative"", ""actualCancelled"": false, ""actualDelayMinutes"": 0}, {""id"": 215, ""route"": ""DFW → DEN"", ""peakTier"": ""amber"", ""disrupted"": false, ""peakScore"": 31, ""actualStatus"": ""Arrived"", ""flightNumber"": ""UA1303"", ""departureDate"": ""2026-06-09"", ""classification"": ""true_negative"", ""actualCancelled"": false, ""actualDelayMinutes"": 0}, {""id"": 226, ""route"": ""LAX → BOI"", ""peakTier"": ""green"", ""disrupted"": false, ""peakScore"": 11, ""actualStatus"": ""Unknown"", ""flightNumber"": ""DL4148"", ""departureDate"": ""2026-06-09"", ""classification"": ""true_negative"", ""actualCancelled"": false, ""actualDelayMinutes"": 0}, {""id"": 227, ""route"": ""LAX → SMF"", ""peakTier"": ""green"", ""disrupted"": false, ""peakScore"": 13, ""actualStatus"": ""Unknown"", ""flightNumber"": ""AA4908"", ""departureDate"": ""2026-06-09"", ""classification"": ""true_negative"", ""actualCancelled"": false, ""actualDelayMinutes"": 0}, {""id"": 204, ""route"": ""LAX → ABQ"", ""peakTier"": ""green"", ""disrupted"": false, ""peakScore"": 9, ""actualStatus"": ""Arrived"", ""flightNumber"": ""WN4943"", ""departureDate"": ""2026-06-09"", ""classification"": ""true_negative"", ""actualCancelled"": false, ""actualDelayMinutes"": 0}, {""id"": 229, ""route"": ""ATL → PDX"", ""peakTier"": ""green"", ""disrupted"": false, ""peakScore"": 9, ""actualStatus"": ""EnRoute"", ""flightNumber"": ""DL503"", ""departureDate"": ""2026-06-09"", ""classification"": ""true_negative"", ""actualCancelled"": false, ""actualDelayMinutes"": 0}, {""id"": 206, ""route"": ""LAX → SJC"", ""peakTier"": ""green"", ""disrupted"": false, ""peakScore"": 9, ""actualStatus"": ""Arrived"", ""flightNumber"": ""DL3842"", ""departureDate"": ""2026-06-09"", ""classification"": ""true_negative"", ""actualCancelled"": false, ""actualDelayMinutes"": 0}, {""id"": 218, ""route"": ""JFK → PIT"", ""peakTier"": ""green"", ""disrupted"": false, ""peakScore"": 16, ""actualStatus"": ""Arrived"", ""flightNumber"": ""DL5795"", ""departureDate"": ""2026-06-09"", ""classification"": ""true_negative"", ""actualCancelled"": false, ""actualDelayMinutes"": 0}, {""id"": 208, ""route"": ""LAX → SAN"", ""peakTier"": ""green"", ""disrupted"": false, ""peakScore"": 11, ""actualStatus"": ""Arrived"", ""flightNumber"": ""DL4001"", ""departureDate"": ""2026-06-09"", ""classification"": ""true_negative"", ""actualCancelled"": false, ""actualDelayMinutes"": 0}, {""id"": 238, ""route"": ""DFW → FLL"", ""peakTier"": ""green"", ""disrupted"": false, ""peakScore"": 0, ""actualStatus"": ""Arrived"", ""flightNumber"": ""AA1862"", ""departureDate"": ""2026-06-09"", ""classification"": ""true_negative"", ""actualCancelled"": false, ""actualDelayMinutes"": 0}, {""id"": 211, ""route"": ""ATL → PHL"", ""peakTier"": ""green"", ""disrupted"": false, ""peakScore"": 9, ""actualStatus"": ""Arrived"", ""flightNumber"": ""DL2279"", ""departureDate"": ""2026-06-09"", ""classification"": ""true_negative"", ""actualCancelled"": false, ""actualDelayMinutes"": 0}, {""id"": 220, ""route"": ""ORD → CRW"", ""peakTier"": ""green"", ""disrupted"": false, ""peakScore"": 9, ""actualStatus"": ""Arrived"", ""flightNumber"": ""UA5804"", ""departureDate"": ""2026-06-09"", ""classification"": ""true_negative"", ""actualCancelled"": false, ""actualDelayMinutes"": 0}, {""id"": 232, ""route"": ""ORD → RIC"", ""peakTier"": ""green"", ""disrupted"": false, ""peakScore"": 13, ""actualStatus"": ""Scheduled"", ""flightNumber"": ""AA4511"", ""departureDate"": ""2026-06-09"", ""classification"": ""true_negative"", ""actualCancelled"": false, ""actualDelayMinutes"": 0}, {""id"": 230, ""route"": ""ATL → DFW"", ""peakTier"": ""green"", ""disrupted"": false, ""peakScore"": 9, ""actualStatus"": ""Arrived"", ""flightNumber"": ""DL436"", ""departureDate"": ""2026-06-09"", ""classification"": ""true_negative"", ""actualCancelled"": false, ""actualDelayMinutes"": 0}, {""id"": 222, ""route"": ""ORD → BUF"", ""peakTier"": ""green"", ""disrupted"": false, ""peakScore"": 11, ""actualStatus"": ""Arrived"", ""flightNumber"": ""UA1335"", ""departureDate"": ""2026-06-09"", ""classification"": ""true_negative"", ""actualCancelled"": false, ""actualDelayMinutes"": 0}, {""id"": 255, ""route"": ""ATL → LFT"", ""peakTier"": ""green"", ""disrupted"": false, ""peakScore"": 0, ""actualStatus"": ""Scheduled"", ""flightNumber"": ""DL5535"", ""departureDate"": ""2026-06-09"", ""classification"": ""true_negative"", ""actualCancelled"": false, ""actualDelayMinutes"": 0}, {""id"": 195, ""route"": ""DFW → CMH"", ""peakTier"": ""green"", ""disrupted"": false, ""peakScore"": 8, ""actualStatus"": ""Arrived"", ""flightNumber"": ""AA1279"", ""departureDate"": ""2026-06-09"", ""classification"": ""true_negative"", ""actualCancelled"": false, ""actualDelayMinutes"": 0}, {""id"": 196, ""route"": ""DFW → DEN"", ""peakTier"": ""amber"", ""disrupted"": false, ""peakScore"": 28, ""actualStatus"": ""Arrived"", ""flightNumber"": ""UA644"", ""departureDate"": ""2026-06-09"", ""classification"": ""true_negative"", ""actualCancelled"": false, ""actualDelayMinutes"": 0}, {""id"": 197, ""route"": ""DFW → MAF"", ""peakTier"": ""green"", ""disrupted"": false, ""peakScore"": 10, ""actualStatus"": ""Arrived"", ""flightNumber"": ""MQ3651"", ""departureDate"": ""2026-06-09"", ""classification"": ""true_negative"", ""actualCancelled"": false, ""actualDelayMinutes"": 0}, {""id"": 205, ""route"": ""ORD → GRB"", ""peakTier"": ""green"", ""disrupted"": false, ""peakScore"": 9, ""actualStatus"": ""Arrived"", ""flightNumber"": ""UA5629"", ""departureDate"": ""2026-06-09"", ""classification"": ""true_negative"", ""actualCancelled"": false, ""actualDelayMinutes"": 0}, {""id"": 207, ""route"": ""ORD → DSM"", ""peakTier"": ""green"", ""disrupted"": false, ""peakScore"": 9, ""actualStatus"": ""Arrived"", ""flightNumber"": ""UA4605"", ""departureDate"": ""2026-06-09"", ""classification"": ""true_negative"", ""actualCancelled"": false, ""actualDelayMinutes"": 0}, {""id"": 209, ""route"": ""ORD → CAE"", ""peakTier"": ""green"", ""disrupted"": false, ""peakScore"": 9, ""actualStatus"": ""Arrived"", ""flightNumber"": ""UA4523"", ""departureDate"": ""2026-06-09"", ""classification"": ""true_negative"", ""actualCancelled"": false, ""actualDelayMinutes"": 0}, {""id"": 224, ""route"": ""DFW → TUL"", ""peakTier"": ""green"", ""disrupted"": false, ""peakScore"": 15, ""actualStatus"": ""Unknown"", ""flightNumber"": ""AA531"", ""departureDate"": ""2026-06-09"", ""classification"": ""true_negative"", ""actualCancelled"": false, ""actualDelayMinutes"": 0}, {""id"": 203, ""route"": ""JFK → MCO"", ""peakTier"": ""green"", ""disrupted"": false, ""peakScore"": 11, ""actualStatus"": ""Arrived"", ""flightNumber"": ""DL2019"", ""departureDate"": ""2026-06-09"", ""classification"": ""true_negative"", ""actualCancelled"": false, ""actualDelayMinutes"": 0}, {""id"": 212, ""route"": ""DFW → ILM"", ""peakTier"": ""green"", ""disrupted"": false, ""peakScore"": 11, ""actualStatus"": ""Arrived"", ""flightNumber"": ""AA2934"", ""departureDate"": ""2026-06-09"", ""classification"": ""true_negative"", ""actualCancelled"": false, ""actualDelayMinutes"": 0}, {""id"": 213, ""route"": ""LAX → ABQ"", ""peakTier"": ""green"", ""disrupted"": false, ""peakScore"": 13, ""actualStatus"": ""Scheduled"", ""flightNumber"": ""AA6515"", ""departureDate"": ""2026-06-09"", ""classification"": ""true_negative"", ""actualCancelled"": false, ""actualDelayMinutes"": 0}, {""id"": 225, ""route"": ""BOS → JFK"", ""peakTier"": ""green"", ""disrupted"": false, ""peakScore"": 15, ""actualStatus"": ""Scheduled"", ""flightNumber"": ""DL5702"", ""departureDate"": ""2026-06-09"", ""classification"": ""true_negative"", ""actualCancelled"": false, ""actualDelayMinutes"": 0}, {""id"": 214, ""route"": ""ATL → RIC"", ""peakTier"": ""green"", ""disrupted"": false, ""peakScore"": 9, ""actualStatus"": ""Arrived"", ""flightNumber"": ""DL1437"", ""departureDate"": ""2026-06-09"", ""classification"": ""true_negative"", ""actualCancelled"": false, ""actualDelayMinutes"": 0}, {""id"": 217, ""route"": ""ORD → CMH"", ""peakTier"": ""green"", ""disrupted"": false, ""peakScore"": 9, ""actualStatus"": ""Arrived"", ""flightNumber"": ""UA6200"", ""departureDate"": ""2026-06-09"", ""classification"": ""true_negative"", ""actualCancelled"": false, ""actualDelayMinutes"": 0}, {""id"": 242, ""route"": ""LAX → SFO"", ""peakTier"": ""green"", ""disrupted"": false, ""peakScore"": 0, ""actualStatus"": ""Departed"", ""flightNumber"": ""DL6330"", ""departureDate"": ""2026-06-09"", ""classification"": ""true_negative"", ""actualCancelled"": false, ""actualDelayMinutes"": 0}], ""activeHighRisk"": []}",3
9,2026-06-11 00:19:00.457241,29,2,2,0,0,27,1,1,75,26.37037,"# Travnr Flight Risk Scoring — System Health Report
**Period: 2026-06-10**

---

## 1. Overall Accuracy

On the surface, the numbers look perfect: 100% precision, 100% recall, 2/2 disruptions caught, zero false positives. But this is a small-sample result on a day where almost everything flew fine. Two cancellations out of 50 tracked flights is not a rigorous stress test. Treat the perfect scores as encouraging, not validated.

## 2. False Positives / False Negatives

There are none — but the more notable pattern is how many amber-scored flights (scores 25–47) resolved as unresolvable rather than confirmed on-time. Flights like DL5408 (score 47), DL230 (score 46), and AA3120 (score 45) sat near the red threshold with no confirmed outcome. If any of those were actually disrupted, recall would drop immediately. The system's clean record is partly a function of 21 unresolved statuses being excluded from scoring.

## 3. Signal Weighting

Both true positives — AA4110 (DFW→LFT) and AA3719 (ORD→MSP) — scored exactly 75, suggesting the scoring model hit a ceiling or a hard rule triggered at that value rather than producing differentiated scores. The identical scores on two different routes and carriers is worth investigating. Meanwhile, `historicalOtp` was **false for every single flight in the dataset** — meaning that signal contributed nothing today. If it's consistently unavailable, it's dead weight in the model and should either be replaced or its absence should more aggressively elevate scores on routes where it would normally be a moderating factor.

## 4. Recommendations

- **Investigate the score=75 ceiling.** Is this a capped output or genuine convergence? Differentiated scoring above 60 would help triage severity within the red tier.
- **Deprecate or replace historicalOtp.** Zero coverage across 50 flights means it's not functioning as a live signal. Either fix the data pipeline or substitute route-level historical data from another source.
- **Treat status_unresolvable flights as a separate audit queue.** 21 flights (42% of the batch) had no confirmable outcome. Some of these — especially amber-scored international flights like KL618 (BOS→AMS) and DL230 (JFK→FCO) — could be masking misses.
- **Expand the evaluation window.** One day, two disruptions is too thin to draw conclusions. Aggregate across 30+ days before making scoring threshold changes.

## 5. Active High-Risk Flights

None currently. Nothing to assess.

## 6. Data Quality

Zero flights were excluded for `data_insufficient`, which is good. However, 21/50 flights (42%) are `status_unresolvable` — all classified as true negatives by default. That assumption is doing real work here. If even 2–3 of those were delayed, recall would fall significantly. The 100% metrics should be footnoted: **they reflect only the 29 flights with confirmed outcomes.**

---

**Bottom line:** The system flagged the right flights today, but the dataset is too small and too incomplete to call this validated. Fix the OTP pipeline and resolve the status gap before drawing further conclusions.","{""past"": [{""id"": 394, ""route"": ""JFK → SVD"", ""peakTier"": ""amber"", ""disrupted"": false, ""peakScore"": 41, ""actualStatus"": ""EnRoute"", ""dataCoverage"": {""carrierHealth"": true, ""historicalOtp"": false, ""inboundAircraftDelay"": true}, ""flightNumber"": ""BW553"", ""departureDate"": ""2026-06-10"", ""classification"": ""true_negative"", ""actualCancelled"": false, ""dataInsufficient"": false, ""actualDelayMinutes"": 0, ""statusUnresolvable"": false}, {""id"": 292, ""route"": ""DFW → LHR"", ""peakTier"": ""green"", ""disrupted"": false, ""peakScore"": 21, ""actualStatus"": ""status_unresolvable"", ""dataCoverage"": {""carrierHealth"": true, ""historicalOtp"": false, ""inboundAircraftDelay"": true}, ""flightNumber"": ""BA192"", ""departureDate"": ""2026-06-10"", ""classification"": ""true_negative"", ""actualCancelled"": false, ""dataInsufficient"": false, ""actualDelayMinutes"": 0, ""statusUnresolvable"": true}, {""id"": 336, ""route"": ""ATL → FLL"", ""peakTier"": ""green"", ""disrupted"": false, ""peakScore"": 14, ""actualStatus"": ""status_unresolvable"", ""dataCoverage"": {""carrierHealth"": true, ""historicalOtp"": false, ""inboundAircraftDelay"": true}, ""flightNumber"": ""DL1229"", ""departureDate"": ""2026-06-10"", ""classification"": ""true_negative"", ""actualCancelled"": false, ""dataInsufficient"": false, ""actualDelayMinutes"": 0, ""statusUnresolvable"": true}, {""id"": 467, ""route"": ""DFW → SAT"", ""peakTier"": ""green"", ""disrupted"": false, ""peakScore"": 22, ""actualStatus"": ""Arrived"", ""dataCoverage"": {""carrierHealth"": true, ""historicalOtp"": false, ""inboundAircraftDelay"": true}, ""flightNumber"": ""AA413"", ""departureDate"": ""2026-06-10"", ""classification"": ""true_negative"", ""actualCancelled"": false, ""dataInsufficient"": false, ""actualDelayMinutes"": 0, ""statusUnresolvable"": false}, {""id"": 347, ""route"": ""JFK → LHR"", ""peakTier"": ""amber"", ""disrupted"": false, ""peakScore"": 42, ""actualStatus"": ""Arrived"", ""dataCoverage"": {""carrierHealth"": true, ""historicalOtp"": false, ""inboundAircraftDelay"": true}, ""flightNumber"": ""VS26"", ""departureDate"": ""2026-06-10"", ""classification"": ""true_negative"", ""actualCancelled"": false, ""dataInsufficient"": false, ""actualDelayMinutes"": 0, ""statusUnresolvable"": false}, {""id"": 349, ""route"": ""LAX → SJD"", ""peakTier"": ""green"", ""disrupted"": false, ""peakScore"": 13, ""actualStatus"": ""EnRoute"", ""dataCoverage"": {""carrierHealth"": true, ""historicalOtp"": false, ""inboundAircraftDelay"": true}, ""flightNumber"": ""UA1185"", ""departureDate"": ""2026-06-10"", ""classification"": ""true_negative"", ""actualCancelled"": false, ""dataInsufficient"": false, ""actualDelayMinutes"": 0, ""statusUnresolvable"": false}, {""id"": 282, ""route"": ""BOS → CVG"", ""peakTier"": ""amber"", ""disrupted"": false, ""peakScore"": 25, ""actualStatus"": ""Arrived"", ""dataCoverage"": {""carrierHealth"": true, ""historicalOtp"": false, ""inboundAircraftDelay"": true}, ""flightNumber"": ""DL5789"", ""departureDate"": ""2026-06-10"", ""classification"": ""true_negative"", ""actualCancelled"": false, ""dataInsufficient"": false, ""actualDelayMinutes"": 0, ""statusUnresolvable"": false}, {""id"": 379, ""route"": ""BOS → BNA"", ""peakTier"": ""green"", ""disrupted"": false, ""peakScore"": 22, ""actualStatus"": ""Arrived"", ""dataCoverage"": {""carrierHealth"": true, ""historicalOtp"": false, ""inboundAircraftDelay"": true}, ""flightNumber"": ""DL2141"", ""departureDate"": ""2026-06-10"", ""classification"": ""true_negative"", ""actualCancelled"": false, ""dataInsufficient"": false, ""actualDelayMinutes"": 0, ""statusUnresolvable"": false}, {""id"": 300, ""route"": ""ATL → GPT"", ""peakTier"": ""green"", ""disrupted"": false, ""peakScore"": 10, ""actualStatus"": ""Arrived"", ""dataCoverage"": {""carrierHealth"": true, ""historicalOtp"": false, ""inboundAircraftDelay"": true}, ""flightNumber"": ""DL3063"", ""departureDate"": ""2026-06-10"", ""classification"": ""true_negative"", ""actualCancelled"": false, ""dataInsufficient"": false, ""actualDelayMinutes"": 0, ""statusUnresolvable"": false}, {""id"": 260, ""route"": ""BOS → BWI"", ""peakTier"": ""green"", ""disrupted"": false, ""peakScore"": 22, ""actualStatus"": ""Departed"", ""dataCoverage"": {""carrierHealth"": true, ""historicalOtp"": false, ""inboundAircraftDelay"": true}, ""flightNumber"": ""JRE840"", ""departureDate"": ""2026-06-10"", ""classification"": ""true_negative"", ""actualCancelled"": false, ""dataInsufficient"": false, ""actualDelayMinutes"": 0, ""statusUnresolvable"": false}, {""id"": 422, ""route"": ""ATL → DEN"", ""peakTier"": ""green"", ""disrupted"": false, ""peakScore"": 7, ""actualStatus"": ""Arrived"", ""dataCoverage"": {""carrierHealth"": true, ""historicalOtp"": false, ""inboundAircraftDelay"": true}, ""flightNumber"": ""UA1378"", ""departureDate"": ""2026-06-10"", ""classification"": ""true_negative"", ""actualCancelled"": false, ""dataInsufficient"": false, ""actualDelayMinutes"": 0, ""statusUnresolvable"": false}, {""id"": 293, ""route"": ""ORD → CMH"", ""peakTier"": ""amber"", ""disrupted"": false, ""peakScore"": 27, ""actualStatus"": ""status_unresolvable"", ""dataCoverage"": {""carrierHealth"": true, ""historicalOtp"": false, ""inboundAircraftDelay"": true}, ""flightNumber"": ""UA2040"", ""departureDate"": ""2026-06-10"", ""classification"": ""true_negative"", ""actualCancelled"": false, ""dataInsufficient"": false, ""actualDelayMinutes"": 0, ""statusUnresolvable"": true}, {""id"": 423, ""route"": ""JFK → PHX"", ""peakTier"": ""amber"", ""disrupted"": false, ""peakScore"": 42, ""actualStatus"": ""Arrived"", ""dataCoverage"": {""carrierHealth"": true, ""historicalOtp"": false, ""inboundAircraftDelay"": true}, ""flightNumber"": ""AA2369"", ""departureDate"": ""2026-06-10"", ""classification"": ""true_negative"", ""actualCancelled"": false, ""dataInsufficient"": false, ""actualDelayMinutes"": 0, ""statusUnresolvable"": false}, {""id"": 303, ""route"": ""BOS → YTZ"", ""peakTier"": ""amber"", ""disrupted"": false, ""peakScore"": 28, ""actualStatus"": ""status_unresolvable"", ""dataCoverage"": {""carrierHealth"": true, ""historicalOtp"": false, ""inboundAircraftDelay"": true}, ""flightNumber"": ""PD2948"", ""departureDate"": ""2026-06-10"", ""classification"": ""true_negative"", ""actualCancelled"": false, ""dataInsufficient"": false, ""actualDelayMinutes"": 0, ""statusUnresolvable"": true}, {""id"": 368, ""route"": ""JFK → FCO"", ""peakTier"": ""amber"", ""disrupted"": false, ""peakScore"": 46, ""actualStatus"": ""status_unresolvable"", ""dataCoverage"": {""carrierHealth"": true, ""historicalOtp"": false, ""inboundAircraftDelay"": true}, ""flightNumber"": ""DL230"", ""departureDate"": ""2026-06-10"", ""classification"": ""true_negative"", ""actualCancelled"": false, ""dataInsufficient"": false, ""actualDelayMinutes"": 0, ""statusUnresolvable"": true}, {""id"": 371, ""route"": ""ORD → PWM"", ""peakTier"": ""amber"", ""disrupted"": false, ""peakScore"": 29, ""actualStatus"": ""status_unresolvable"", ""dataCoverage"": {""carrierHealth"": true, ""historicalOtp"": false, ""inboundAircraftDelay"": true}, ""flightNumber"": ""AA4403"", ""departureDate"": ""2026-06-10"", ""classification"": ""true_negative"", ""actualCancelled"": false, ""dataInsufficient"": false, ""actualDelayMinutes"": 0, ""statusUnresolvable"": true}, {""id"": 409, ""route"": ""ORD → FAR"", ""peakTier"": ""amber"", ""disrupted"": false, ""peakScore"": 33, ""actualStatus"": ""Arrived"", ""dataCoverage"": {""carrierHealth"": true, ""historicalOtp"": false, ""inboundAircraftDelay"": true}, ""flightNumber"": ""UA5853"", ""departureDate"": ""2026-06-10"", ""classification"": ""true_negative"", ""actualCancelled"": false, ""dataInsufficient"": false, ""actualDelayMinutes"": 0, ""statusUnresolvable"": false}, {""id"": 258, ""route"": ""ATL → LGA"", ""peakTier"": ""amber"", ""disrupted"": false, ""peakScore"": 42, ""actualStatus"": ""Arrived"", ""dataCoverage"": {""carrierHealth"": true, ""historicalOtp"": false, ""inboundAircraftDelay"": true}, ""flightNumber"": ""DL323"", ""departureDate"": ""2026-06-10"", ""classification"": ""true_negative"", ""actualCancelled"": false, ""dataInsufficient"": false, ""actualDelayMinutes"": 0, ""statusUnresolvable"": false}, {""id"": 362, ""route"": ""JFK → CLT"", ""peakTier"": ""amber"", ""disrupted"": false, ""peakScore"": 45, ""actualStatus"": ""EnRoute"", ""dataCoverage"": {""carrierHealth"": true, ""historicalOtp"": false, ""inboundAircraftDelay"": true}, ""flightNumber"": ""AA3120"", ""departureDate"": ""2026-06-10"", ""classification"": ""true_negative"", ""actualCancelled"": false, ""dataInsufficient"": false, ""actualDelayMinutes"": 0, ""statusUnresolvable"": false}, {""id"": 350, ""route"": ""LAX → TPA"", ""peakTier"": ""green"", ""disrupted"": false, ""peakScore"": 15, ""actualStatus"": ""Arrived"", ""dataCoverage"": {""carrierHealth"": true, ""historicalOtp"": false, ""inboundAircraftDelay"": true}, ""flightNumber"": ""DL749"", ""departureDate"": ""2026-06-10"", ""classification"": ""true_negative"", ""actualCancelled"": false, ""dataInsufficient"": false, ""actualDelayMinutes"": 0, ""statusUnresolvable"": false}, {""id"": 304, ""route"": ""ATL → MOB"", ""peakTier"": ""green"", ""disrupted"": false, ""peakScore"": 13, ""actualStatus"": ""status_unresolvable"", ""dataCoverage"": {""carrierHealth"": true, ""historicalOtp"": false, ""inboundAircraftDelay"": true}, ""flightNumber"": ""DL5129"", ""departureDate"": ""2026-06-10"", ""classification"": ""true_negative"", ""actualCancelled"": false, ""dataInsufficient"": false, ""actualDelayMinutes"": 0, ""statusUnresolvable"": true}, {""id"": 263, ""route"": ""BOS → SFO"", ""peakTier"": ""green"", ""disrupted"": false, ""peakScore"": 23, ""actualStatus"": ""Arrived"", ""dataCoverage"": {""carrierHealth"": true, ""historicalOtp"": false, ""inboundAircraftDelay"": true}, ""flightNumber"": ""DL860"", ""departureDate"": ""2026-06-10"", ""classification"": ""true_negative"", ""actualCancelled"": false, ""dataInsufficient"": false, ""actualDelayMinutes"": 0, ""statusUnresolvable"": false}, {""id"": 276, ""route"": ""BOS → DEN"", ""peakTier"": ""green"", ""disrupted"": false, ""peakScore"": 23, ""actualStatus"": ""Arrived"", ""dataCoverage"": {""carrierHealth"": true, ""historicalOtp"": false, ""inboundAircraftDelay"": true}, ""flightNumber"": ""WN887"", ""departureDate"": ""2026-06-10"", ""classification"": ""true_negative"", ""actualCancelled"": false, ""dataInsufficient"": false, ""actualDelayMinutes"": 0, ""statusUnresolvable"": false}, {""id"": 358, ""route"": ""JFK → MCI"", ""peakTier"": ""amber"", ""disrupted"": false, ""peakScore"": 47, ""actualStatus"": ""status_unresolvable"", ""dataCoverage"": {""carrierHealth"": true, ""historicalOtp"": false, ""inboundAircraftDelay"": true}, ""flightNumber"": ""DL5408"", ""departureDate"": ""2026-06-10"", ""classification"": ""true_negative"", ""actualCancelled"": false, ""dataInsufficient"": false, ""actualDelayMinutes"": 0, ""statusUnresolvable"": true}, {""id"": 285, ""route"": ""ATL → EWR"", ""peakTier"": ""amber"", ""disrupted"": false, ""peakScore"": 43, ""actualStatus"": ""Arrived"", ""dataCoverage"": {""carrierHealth"": true, ""historicalOtp"": false, ""inboundAircraftDelay"": true}, ""flightNumber"": ""UA1826"", ""departureDate"": ""2026-06-10"", ""classification"": ""true_negative"", ""actualCancelled"": false, ""dataInsufficient"": false, ""actualDelayMinutes"": 0, ""statusUnresolvable"": false}, {""id"": 388, ""route"": ""ATL → LGA"", ""peakTier"": ""amber"", ""disrupted"": false, ""peakScore"": 47, ""actualStatus"": ""EnRoute"", ""dataCoverage"": {""carrierHealth"": true, ""historicalOtp"": false, ""inboundAircraftDelay"": true}, ""flightNumber"": ""DL434"", ""departureDate"": ""2026-06-10"", ""classification"": ""true_negative"", ""actualCancelled"": false, ""dataInsufficient"": false, ""actualDelayMinutes"": 0, ""statusUnresolvable"": false}, {""id"": 365, ""route"": ""BOS → STL"", ""peakTier"": ""green"", ""disrupted"": false, ""peakScore"": 23, ""actualStatus"": ""Arrived"", ""dataCoverage"": {""carrierHealth"": true, ""historicalOtp"": false, ""inboundAircraftDelay"": true}, ""flightNumber"": ""WN4917"", ""departureDate"": ""2026-06-10"", ""classification"": ""true_negative"", ""actualCancelled"": false, ""dataInsufficient"": false, ""actualDelayMinutes"": 0, ""statusUnresolvable"": false}, {""id"": 391, ""route"": ""ORD → ELP"", ""peakTier"": ""amber"", ""disrupted"": false, ""peakScore"": 27, ""actualStatus"": ""status_unresolvable"", ""dataCoverage"": {""carrierHealth"": true, ""historicalOtp"": false, ""inboundAircraftDelay"": true}, ""flightNumber"": ""UA4732"", ""departureDate"": ""2026-06-10"", ""classification"": ""true_negative"", ""actualCancelled"": false, ""dataInsufficient"": false, ""actualDelayMinutes"": 0, ""statusUnresolvable"": true}, {""id"": 370, ""route"": ""ORD → FSD"", ""peakTier"": ""amber"", ""disrupted"": false, ""peakScore"": 29, ""actualStatus"": ""status_unresolvable"", ""dataCoverage"": {""carrierHealth"": true, ""historicalOtp"": false, ""inboundAircraftDelay"": true}, ""flightNumber"": ""UA1842"", ""departureDate"": ""2026-06-10"", ""classification"": ""true_negative"", ""actualCancelled"": false, ""dataInsufficient"": false, ""actualDelayMinutes"": 0, ""statusUnresolvable"": true}, {""id"": 329, ""route"": ""ORD → MKE"", ""peakTier"": ""amber"", ""disrupted"": false, ""peakScore"": 30, ""actualStatus"": ""status_unresolvable"", ""dataCoverage"": {""carrierHealth"": true, ""historicalOtp"": false, ""inboundAircraftDelay"": true}, ""flightNumber"": ""UA4772"", ""departureDate"": ""2026-06-10"", ""classification"": ""true_negative"", ""actualCancelled"": false, ""dataInsufficient"": false, ""actualDelayMinutes"": 0, ""statusUnresolvable"": true}, {""id"": 392, ""route"": ""ORD → OMA"", ""peakTier"": ""amber"", ""disrupted"": false, ""peakScore"": 31, ""actualStatus"": ""status_unresolvable"", ""dataCoverage"": {""carrierHealth"": true, ""historicalOtp"": false, ""inboundAircraftDelay"": true}, ""flightNumber"": ""UA1850"", ""departureDate"": ""2026-06-10"", ""classification"": ""true_negative"", ""actualCancelled"": false, ""dataInsufficient"": false, ""actualDelayMinutes"": 0, ""statusUnresolvable"": true}, {""id"": 333, ""route"": ""ORD → ROC"", ""peakTier"": ""amber"", ""disrupted"": false, ""peakScore"": 25, ""actualStatus"": ""status_unresolvable"", ""dataCoverage"": {""carrierHealth"": true, ""historicalOtp"": false, ""inboundAircraftDelay"": true}, ""flightNumber"": ""AA6438"", ""departureDate"": ""2026-06-10"", ""classification"": ""true_negative"", ""actualCancelled"": false, ""dataInsufficient"": false, ""actualDelayMinutes"": 0, ""statusUnresolvable"": true}, {""id"": 410, ""route"": ""LAX → DFW"", ""peakTier"": ""green"", ""disrupted"": false, ""peakScore"": 13, ""actualStatus"": ""Arrived"", ""dataCoverage"": {""carrierHealth"": true, ""historicalOtp"": false, ""inboundAircraftDelay"": true}, ""flightNumber"": ""AA2746"", ""departureDate"": ""2026-06-10"", ""classification"": ""true_negative"", ""actualCancelled"": false, ""dataInsufficient"": false, ""actualDelayMinutes"": 0, ""statusUnresolvable"": false}, {""id"": 338, ""route"": ""BOS → TPA"", ""peakTier"": ""amber"", ""disrupted"": false, ""peakScore"": 32, ""actualStatus"": ""EnRoute"", ""dataCoverage"": {""carrierHealth"": true, ""historicalOtp"": false, ""inboundAircraftDelay"": true}, ""flightNumber"": ""DL2234"", ""departureDate"": ""2026-06-10"", ""classification"": ""true_negative"", ""actualCancelled"": false, ""dataInsufficient"": false, ""actualDelayMinutes"": 0, ""statusUnresolvable"": false}, {""id"": 339, ""route"": ""BOS → AMS"", ""peakTier"": ""amber"", ""disrupted"": false, ""peakScore"": 29, ""actualStatus"": ""status_unresolvable"", ""dataCoverage"": {""carrierHealth"": true, ""historicalOtp"": false, ""inboundAircraftDelay"": true}, ""flightNumber"": ""KL618"", ""departureDate"": ""2026-06-10"", ""classification"": ""true_negative"", ""actualCancelled"": false, ""dataInsufficient"": false, ""actualDelayMinutes"": 0, ""statusUnresolvable"": true}, {""id"": 340, ""route"": ""ORD → BOI"", ""peakTier"": ""amber"", ""disrupted"": false, ""peakScore"": 29, ""actualStatus"": ""status_unresolvable"", ""dataCoverage"": {""carrierHealth"": true, ""historicalOtp"": false, ""inboundAircraftDelay"": true}, ""flightNumber"": ""UA5290"", ""departureDate"": ""2026-06-10"", ""classification"": ""true_negative"", ""actualCancelled"": false, ""dataInsufficient"": false, ""actualDelayMinutes"": 0, ""statusUnresolvable"": true}, {""id"": 315, ""route"": ""LAX → SFO"", ""peakTier"": ""green"", ""disrupted"": false, ""peakScore"": 22, ""actualStatus"": ""Arrived"", ""dataCoverage"": {""carrierHealth"": true, ""historicalOtp"": false, ""inboundAircraftDelay"": true}, ""flightNumber"": ""DL1421"", ""departureDate"": ""2026-06-10"", ""classification"": ""true_negative"", ""actualCancelled"": false, ""dataInsufficient"": false, ""actualDelayMinutes"": 0, ""statusUnresolvable"": false}, {""id"": 342, ""route"": ""ORD → COU"", ""peakTier"": ""amber"", ""disrupted"": false, ""peakScore"": 31, ""actualStatus"": ""status_unresolvable"", ""dataCoverage"": {""carrierHealth"": true, ""historicalOtp"": false, ""inboundAircraftDelay"": true}, ""flightNumber"": ""UA5751"", ""departureDate"": ""2026-06-10"", ""classification"": ""true_negative"", ""actualCancelled"": false, ""dataInsufficient"": false, ""actualDelayMinutes"": 0, ""statusUnresolvable"": true}, {""id"": 366, ""route"": ""DFW → ATL"", ""peakTier"": ""green"", ""disrupted"": false, ""peakScore"": 21, ""actualStatus"": ""status_unresolvable"", ""dataCoverage"": {""carrierHealth"": true, ""historicalOtp"": false, ""inboundAircraftDelay"": true}, ""flightNumber"": ""DL436"", ""departureDate"": ""2026-06-10"", ""classification"": ""true_negative"", ""actualCancelled"": false, ""dataInsufficient"": false, ""actualDelayMinutes"": 0, ""statusUnresolvable"": true}, {""id"": 264, ""route"": ""DFW → COS"", ""peakTier"": ""green"", ""disrupted"": false, ""peakScore"": 17, ""actualStatus"": ""Arrived"", ""dataCoverage"": {""carrierHealth"": true, ""historicalOtp"": false, ""inboundAircraftDelay"": true}, ""flightNumber"": ""AA1697"", ""departureDate"": ""2026-06-10"", ""classification"": ""true_negative"", ""actualCancelled"": false, ""dataInsufficient"": false, ""actualDelayMinutes"": 0, ""statusUnresolvable"": false}, {""id"": 374, ""route"": ""DFW → DTW"", ""peakTier"": ""green"", ""disrupted"": false, ""peakScore"": 19, ""actualStatus"": ""Arrived"", ""dataCoverage"": {""carrierHealth"": true, ""historicalOtp"": false, ""inboundAircraftDelay"": true}, ""flightNumber"": ""AA1792"", ""departureDate"": ""2026-06-10"", ""classification"": ""true_negative"", ""actualCancelled"": false, ""dataInsufficient"": false, ""actualDelayMinutes"": 0, ""statusUnresolvable"": false}, {""id"": 386, ""route"": ""LAX → ORD"", ""peakTier"": ""green"", ""disrupted"": false, ""peakScore"": 23, ""actualStatus"": ""EnRoute"", ""dataCoverage"": {""carrierHealth"": true, ""historicalOtp"": false, ""inboundAircraftDelay"": true}, ""flightNumber"": ""UA457"", ""departureDate"": ""2026-06-10"", ""classification"": ""true_negative"", ""actualCancelled"": false, ""dataInsufficient"": false, ""actualDelayMinutes"": 0, ""statusUnresolvable"": false}, {""id"": 389, ""route"": ""BOS → JFK"", ""peakTier"": ""amber"", ""disrupted"": false, ""peakScore"": 45, ""actualStatus"": ""status_unresolvable"", ""dataCoverage"": {""carrierHealth"": true, ""historicalOtp"": false, ""inboundAircraftDelay"": true}, ""flightNumber"": ""DL5814"", ""departureDate"": ""2026-06-10"", ""classification"": ""true_negative"", ""actualCancelled"": false, ""dataInsufficient"": false, ""actualDelayMinutes"": 0, ""statusUnresolvable"": true}, {""id"": 341, ""route"": ""ORD → BOS"", ""peakTier"": ""amber"", ""disrupted"": false, ""peakScore"": 29, ""actualStatus"": ""status_unresolvable"", ""dataCoverage"": {""carrierHealth"": true, ""historicalOtp"": false, ""inboundAircraftDelay"": true}, ""flightNumber"": ""AA2682"", ""departureDate"": ""2026-06-10"", ""classification"": ""true_negative"", ""actualCancelled"": false, ""dataInsufficient"": false, ""actualDelayMinutes"": 0, ""statusUnresolvable"": true}, {""id"": 332, ""route"": ""ATL → DAL"", ""peakTier"": ""green"", ""disrupted"": false, ""peakScore"": 17, ""actualStatus"": ""status_unresolvable"", ""dataCoverage"": {""carrierHealth"": true, ""historicalOtp"": false, ""inboundAircraftDelay"": true}, ""flightNumber"": ""DL1104"", ""departureDate"": ""2026-06-10"", ""classification"": ""true_negative"", ""actualCancelled"": false, ""dataInsufficient"": false, ""actualDelayMinutes"": 0, ""statusUnresolvable"": true}, {""id"": 380, ""route"": ""DFW → LFT"", ""peakTier"": ""red"", ""disrupted"": true, ""peakScore"": 75, ""actualStatus"": ""Cancelled"", ""dataCoverage"": {""carrierHealth"": true, ""historicalOtp"": false, ""inboundAircraftDelay"": true}, ""flightNumber"": ""AA4110"", ""departureDate"": ""2026-06-10"", ""classification"": ""true_positive"", ""actualCancelled"": true, ""dataInsufficient"": false, ""actualDelayMinutes"": 0, ""statusUnresolvable"": false}, {""id"": 383, ""route"": ""BOS → YYZ"", ""peakTier"": ""green"", ""disrupted"": false, ""peakScore"": 23, ""actualStatus"": ""Arrived"", ""dataCoverage"": {""carrierHealth"": true, ""historicalOtp"": false, ""inboundAircraftDelay"": true}, ""flightNumber"": ""PD616"", ""departureDate"": ""2026-06-10"", ""classification"": ""true_negative"", ""actualCancelled"": false, ""dataInsufficient"": false, ""actualDelayMinutes"": 0, ""statusUnresolvable"": false}, {""id"": 354, ""route"": ""ORD → MSP"", ""peakTier"": ""red"", ""disrupted"": true, ""peakScore"": 75, ""actualStatus"": ""Cancelled"", ""dataCoverage"": {""carrierHealth"": true, ""historicalOtp"": false, ""inboundAircraftDelay"": true}, ""flightNumber"": ""AA3719"", ""departureDate"": ""2026-06-10"", ""classification"": ""true_positive"", ""actualCancelled"": true, ""dataInsufficient"": false, ""actualDelayMinutes"": 0, ""statusUnresolvable"": false}, {""id"": 364, ""route"": ""BOS → HTS"", ""peakTier"": ""green"", ""disrupted"": false, ""peakScore"": 23, ""actualStatus"": ""Departed"", ""dataCoverage"": {""carrierHealth"": true, ""historicalOtp"": false, ""inboundAircraftDelay"": true}, ""flightNumber"": ""WUP652"", ""departureDate"": ""2026-06-10"", ""classification"": ""true_negative"", ""actualCancelled"": false, ""dataInsufficient"": false, ""actualDelayMinutes"": 0, ""statusUnresolvable"": false}, {""id"": 297, ""route"": ""DFW → DRO"", ""peakTier"": ""green"", ""disrupted"": false, ""peakScore"": 22, ""actualStatus"": ""status_unresolvable"", ""dataCoverage"": {""carrierHealth"": true, ""historicalOtp"": false, ""inboundAircraftDelay"": true}, ""flightNumber"": ""AA4981"", ""departureDate"": ""2026-06-10"", ""classification"": ""true_negative"", ""actualCancelled"": false, ""dataInsufficient"": false, ""actualDelayMinutes"": 0, ""statusUnresolvable"": true}], ""activeHighRisk"": [], ""dataInsufficientCount"": 0, ""statusUnresolvableCount"": 21}",3
