id,phone,email,created_at,updated_at
1,+12019188083,almurtada.abdella2@gmail.com,2026-04-28 11:03:13.208798,2026-04-28 11:03:13.208798
2,+12017803209,test@gmail.com,2026-04-30 17:16:03.931109,2026-04-30 17:26:31.123
21,+13172675624,mahid@travnr.com,2026-05-03 10:22:59.207107,2026-05-03 10:22:59.207107
35,+13475560205,musamiha@outlook.com,2026-05-08 15:17:43.839569,2026-05-08 15:17:43.839569
40,+13175312094,m.abdulkarim@live.com,2026-06-09 23:49:28.550718,2026-06-09 23:49:28.550718
4,+13475305034,mahid@travnr.com,2026-05-03 00:31:01.034855,2026-06-14 15:03:01.427
49,+19789304823,maxim878878@yahoo.com,2026-06-15 13:31:51.335993,2026-06-15 13:31:51.335993
50,+17809644589,zmulahussain@gmail.com,2026-06-15 22:15:22.040189,2026-06-15 22:15:22.040189
51,+19786756071,joshpliberman0811@gmail.com,2026-06-18 19:27:37.668209,2026-06-21 23:17:31.953
